frame,x,y,z,qw,qx,qy,qz,speed_m_s,angular_deg_s
1.0,0.025000005960464478,0.18000003695487976,1.1787500381469727,0.12278781086206436,-0.6963642239570618,0.6963642835617065,-0.12278783321380615,0,0
1.03125,0.025006987154483795,0.17999377846717834,1.1787582635879517,0.12280125916004181,-0.6963478922843933,0.696380615234375,-0.12277437746524811,0.009578891123392382,0.0
1.0625,0.025027580559253693,0.17997553944587708,1.1787822246551514,0.12284067273139954,-0.6962998509407043,0.6964285969734192,-0.12273499369621277,0.028017614292468466,0.0
1.09375,0.02506120502948761,0.17994585633277893,1.1788212060928345,0.12290454655885696,-0.6962214708328247,0.6965069770812988,-0.12267113476991653,0.04563784430347717,0.0
1.125,0.02510736882686615,0.17990514636039734,1.1788742542266846,0.12299145758152008,-0.6961140036582947,0.6966143846511841,-0.12258429080247879,0.06240444263770034,0.0
1.15625,0.025165505707263947,0.17985430359840393,1.1789405345916748,0.1230999305844307,-0.6959786415100098,0.6967494487762451,-0.12247595191001892,0.0781625186341975,0.0
1.1875,0.02523505687713623,0.17979377508163452,1.1790192127227783,0.12322857975959778,-0.6958168148994446,0.6969108581542969,-0.12234758585691452,0.09308753987016505,0.0
1.21875,0.025315485894680023,0.17972403764724731,1.1791093349456787,0.12337588518857956,-0.6956298351287842,0.6970972418785095,-0.12220072746276855,0.10711921175430882,0.0
1.25,0.02540622651576996,0.17964580655097961,1.1792101860046387,0.12354042381048203,-0.6954188942909241,0.6973072290420532,-0.12203679978847504,0.1202720887727062,0.0
1.28125,0.025506719946861267,0.17955940961837769,1.1793208122253418,0.12372076511383057,-0.6951852440834045,0.6975395679473877,-0.12185729295015335,0.13258073746340288,30.38567515027364
1.3125,0.025616437196731567,0.17946580052375793,1.1794403791427612,0.12391546368598938,-0.694930374622345,0.6977927088737488,-0.12166374921798706,0.14387816420763716,0.0
1.34375,0.02573481947183609,0.17936518788337708,1.179567813873291,0.12412305921316147,-0.6946553587913513,0.6980655193328857,-0.12145759910345078,0.1543219072974974,30.38567515027364
1.375,0.025861307978630066,0.17925840616226196,1.179702639579773,0.12434212118387222,-0.6943616271018982,0.6983565092086792,-0.12124038487672806,0.16396332248614784,30.38567515027364
1.40625,0.025995343923568726,0.17914584279060364,1.1798439025878906,0.12457121908664703,-0.6940503716468811,0.6986643075942993,-0.12101353704929352,0.1727426198749217,30.38567515027364
1.4375,0.02613639086484909,0.1790282130241394,1.179990530014038,0.1248089000582695,-0.6937229633331299,0.698987603187561,-0.12077859044075012,0.1804891556382813,42.97183463481174
1.46875,0.026283882558345795,0.17890599370002747,1.1801416873931885,0.12505365908145905,-0.6933807730674744,0.6993250846862793,-0.12053698301315308,0.18739816015920124,42.97183463481174
1.5,0.026437297463417053,0.17877984046936035,1.180296778678894,0.12530408799648285,-0.6930248737335205,0.699675440788269,-0.12029021233320236,0.19353611682112964,42.97183463481174
1.53125,0.026596084237098694,0.17865031957626343,1.1804548501968384,0.12555871903896332,-0.6926567554473877,0.7000372409820557,-0.12003975361585617,0.19875553041030947,42.97183463481174
1.5625,0.02675969898700714,0.17851799726486206,1.180614948272705,0.12581612169742584,-0.6922776699066162,0.7004091739654541,-0.1197870597243309,0.20306357787003376,52.62953599855489
1.59375,0.026927605271339417,0.17838355898857117,1.1807761192321777,0.12607474625110626,-0.6918889880180359,0.7007899284362793,-0.11953364312648773,0.20642241043719145,42.97183463481174
1.625,0.027099259197711945,0.17824751138687134,1.1809380054473877,0.12633319199085236,-0.691491961479187,0.7011781930923462,-0.11928092688322067,0.2091741669351112,52.62953599855489
1.65625,0.027274146676063538,0.17811048030853271,1.1810990571975708,0.12658999860286713,-0.6910879015922546,0.7015727162361145,-0.11903037130832672,0.21074683294311397,42.97183463481174
1.6875,0.02745174616575241,0.1779731810092926,1.181259036064148,0.1268436759710312,-0.6906782984733582,0.7019720077514648,-0.11878348886966705,0.2117033654822264,60.77135030054728
1.71875,0.02763151377439499,0.17783600091934204,1.1814167499542236,0.12709270417690277,-0.6902642846107483,0.7023749351501465,-0.11854162812232971,0.21173474530294695,60.77135030054728
1.75,0.027812927961349487,0.17769968509674072,1.1815714836120605,0.12733565270900726,-0.6898473501205444,0.7027801275253296,-0.11830631643533707,0.21093538402449746,60.77135030054728
1.78125,0.027995482087135315,0.17756500840187073,1.1817224025726318,0.1275710016489029,-0.6894288063049316,0.7031862735748291,-0.11807896941900253,0.2092575990011049,60.77135030054728
1.8125,0.02817869931459427,0.17743238806724548,1.1818687915802002,0.12779735028743744,-0.6890100240707397,0.7035921216011047,-0.11786098033189774,0.2069135800459172,52.62953599855489
1.84375,0.028362266719341278,0.1773020327091217,1.1820100545883179,0.128014475107193,-0.688591480255127,0.7039971351623535,-0.11765246093273163,0.2041273334651068,60.77135030054728
1.875,0.02854616940021515,0.17717385292053223,1.1821470260620117,0.12822265923023224,-0.6881734132766724,0.7044012546539307,-0.1174531802535057,0.20175381683739518,60.77135030054728
1.90625,0.02873048186302185,0.17704784870147705,1.182279348373413,0.12842202186584473,-0.6877554655075073,0.7048047184944153,-0.11726292222738266,0.19932128918024622,52.62953599855489
1.9375,0.028915196657180786,0.176923930644989,1.1824071407318115,0.1286127269268036,-0.6873376965522766,0.7052074670791626,-0.11708156019449234,0.19701277348430896,42.97183463481174
1.96875,0.029100380837917328,0.17680206894874573,1.1825307607650757,0.12879498302936554,-0.6869201064109802,0.7056096792221069,-0.11690883338451385,0.1949349295866287,42.97183463481174
2.0,0.029286034405231476,0.17668217420578003,1.1826502084732056,0.12896892428398132,-0.6865025162696838,0.7060113549232483,-0.11674466729164124,0.1929343073202097,42.97183463481174
2.03125,0.029472172260284424,0.17656424641609192,1.1827654838562012,0.12913472950458527,-0.6860849261283875,0.7064126133918762,-0.1165887713432312,0.19098768415685013,42.97183463481174
2.0625,0.02965886890888214,0.17644813656806946,1.1828765869140625,0.1292925328016281,-0.6856672167778015,0.7068135738372803,-0.11644099652767181,0.18918542407615202,52.62953599855489
2.09375,0.029846124351024628,0.17633405327796936,1.1829838752746582,0.1294425129890442,-0.685249388217926,0.7072142362594604,-0.11630119383335114,0.18747757986255037,42.97183463481174
2.125,0.030033960938453674,0.17622175812721252,1.1830871105194092,0.12958486378192902,-0.6848313212394714,0.7076147794723511,-0.11616915464401245,0.185834258031166,52.62953599855489
2.15625,0.030222401022911072,0.17611107230186462,1.1831867694854736,0.12971968948841095,-0.6844128370285034,0.7080152034759521,-0.11604470759630203,0.1844686216687621,52.62953599855489
2.1875,0.030411504209041595,0.1760021448135376,1.1832828521728516,0.1298472136259079,-0.6839940547943115,0.7084155678749084,-0.11592764407396317,0.18312749301061537,42.97183463481174
2.21875,0.030601292848587036,0.17589488625526428,1.1833751201629639,0.1299675554037094,-0.6835748553276062,0.7088160514831543,-0.11581782251596451,0.18180282478351378,52.62953599855489
2.25,0.03079172968864441,0.1757892370223999,1.1834641695022583,0.130080908536911,-0.6831550002098083,0.7092166543006897,-0.11571505665779114,0.18069676493100317,42.97183463481174
2.28125,0.03098292648792267,0.17568504810333252,1.1835496425628662,0.13018742203712463,-0.6827345490455627,0.7096174955368042,-0.11561910808086395,0.17964830178332195,52.62953599855489
2.3125,0.03117486834526062,0.17558234930038452,1.1836318969726562,0.130287304520607,-0.6823135018348694,0.7100185751914978,-0.11552987992763519,0.17872221121639756,52.62953599855489
2.34375,0.031367577612400055,0.17548108100891113,1.183711051940918,0.13038067519664764,-0.681891679763794,0.7104200720787048,-0.11544714123010635,0.17790042671144196,52.62953599855489
2.375,0.03156109154224396,0.17538124322891235,1.1837871074676514,0.13046769797801971,-0.6814689636230469,0.7108219861984253,-0.1153707280755043,0.1771396068813514,52.62953599855489
2.40625,0.031755439937114716,0.17528262734413147,1.1838600635528564,0.13054853677749634,-0.6810452938079834,0.7112244367599487,-0.11530047655105591,0.17650468049555482,42.97183463481174
2.4375,0.03195061534643173,0.17518529295921326,1.1839300394058228,0.13062341511249542,-0.6806206107139587,0.7116274833679199,-0.11523614823818207,0.1759106338696015,52.62953599855489
2.46875,0.03214671462774277,0.17508924007415771,1.1839975118637085,0.13069245219230652,-0.6801950335502625,0.7120311260223389,-0.11517763882875443,0.17552390483299768,52.62953599855489
2.5,0.03234367072582245,0.17499423027038574,1.184062123298645,0.13075581192970276,-0.6797682642936707,0.7124355435371399,-0.11512473970651627,0.17511950147556316,42.97183463481174
2.53125,0.03254157304763794,0.17490029335021973,1.1841241121292114,0.13081370294094086,-0.6793401837348938,0.7128407955169678,-0.11507725715637207,0.17484796244120898,52.62953599855489
2.5625,0.032740406692028046,0.17480751872062683,1.1841835975646973,0.13086624443531036,-0.6789107918739319,0.7132468819618225,-0.1150350421667099,0.1745920381283827,42.97183463481174
2.59375,0.03294026106595993,0.17471548914909363,1.1842405796051025,0.130913645029068,-0.6784800291061401,0.7136539816856384,-0.11499789357185364,0.17455436388816453,42.97183463481174
2.625,0.03314106911420822,0.17462453246116638,1.1842951774597168,0.1309560388326645,-0.678047776222229,0.7140620946884155,-0.11496564000844955,0.17441872991508703,42.97183463481174
2.65625,0.0333428829908371,0.17453426122665405,1.1843477487564087,0.13099363446235657,-0.6776139736175537,0.7144712805747986,-0.11493808776140213,0.17452617003324036,52.62953599855489
2.6875,0.03354576975107193,0.17444488406181335,1.1843979358673096,0.13102659583091736,-0.6771786212921143,0.7148815989494324,-0.11491510272026062,0.17457446012869487,52.62953599855489
2.71875,0.03374972194433212,0.17435628175735474,1.1844463348388672,0.1310550421476364,-0.6767414808273315,0.7152931690216064,-0.11489648371934891,0.17477581998546718,52.62953599855489
2.75,0.03395475447177887,0.17426830530166626,1.1844924688339233,0.13107919692993164,-0.6763026118278503,0.7157060503959656,-0.11488208174705505,0.17497349159389297,42.97183463481174
2.78125,0.03416089713573456,0.17418092489242554,1.1845369338989258,0.1310991793870926,-0.6758617758750916,0.7161203622817993,-0.11487167328596115,0.17531149800799634,42.97183463481174
2.8125,0.03436817228794098,0.17409414052963257,1.1845794916152954,0.13111524283885956,-0.6754191517829895,0.7165359854698181,-0.11486511677503586,0.1756449290016241,52.62953599855489
2.84375,0.03457658737897873,0.17400771379470825,1.1846203804016113,0.1311274915933609,-0.6749743819236755,0.7169532179832458,-0.11486221104860306,0.17610211889195065,52.62953599855489
2.875,0.03478619456291199,0.17392182350158691,1.184659719467163,0.13113610446453094,-0.6745274662971497,0.7173720002174377,-0.11486281454563141,0.17657299548577873,42.97183463481174
2.90625,0.03499700129032135,0.17383623123168945,1.1846973896026611,0.1311412751674652,-0.6740782856941223,0.7177924513816833,-0.11486674100160599,0.1771144437138225,52.62953599855489
2.9375,0.03520900756120682,0.17375102639198303,1.1847338676452637,0.13114316761493683,-0.6736270189285278,0.7182146310806274,-0.11487378925085068,0.1777006160788334,52.62953599855489
2.96875,0.03542226552963257,0.17366600036621094,1.1847689151763916,0.13114191591739655,-0.6731731295585632,0.7186385989189148,-0.11488382518291473,0.1783624690158116,52.62953599855489
3.0,0.0356367826461792,0.17358115315437317,1.184802770614624,0.13113777339458466,-0.6727169752120972,0.7190644145011902,-0.11489666998386383,0.17906564108027745,52.62953599855489
3.03125,0.035853683948516846,0.1734960675239563,1.184835433959961,0.13113050162792206,-0.6722558736801147,0.7194942831993103,-0.11491256207227707,0.18068843834980597,52.62953599855489
3.0625,0.03607410937547684,0.1734108030796051,1.1848671436309814,0.13111989200115204,-0.6717875003814697,0.7199304103851318,-0.11493175476789474,0.1831368414705205,42.97183463481174
3.09375,0.03629797697067261,0.17332497239112854,1.1848978996276855,0.13110613822937012,-0.6713119745254517,0.7203727960586548,-0.11495401710271835,0.1856425170598536,42.97183463481174
3.125,0.036525316536426544,0.1732385754585266,1.1849277019500732,0.1310894638299942,-0.6708293557167053,0.7208213210105896,-0.11497922241687775,0.18817706490832636,42.97183463481174
3.15625,0.036756016314029694,0.17315152287483215,1.1849567890167236,0.13107004761695862,-0.6703394055366516,0.7212759852409363,-0.11500712484121323,0.19068466639883724,42.97183463481174
3.1875,0.03699012100696564,0.17306390404701233,1.1849850416183472,0.1310480684041977,-0.6698424816131592,0.72173672914505,-0.11503760516643524,0.19319478529289308,52.62953599855489
3.21875,0.03722754120826721,0.1729755401611328,1.185012936592102,0.13102370500564575,-0.6693381071090698,0.7222036719322205,-0.11507038027048111,0.19573404671388994,52.62953599855489
3.25,0.037468232214450836,0.172886461019516,1.1850402355194092,0.1309972107410431,-0.6688267588615417,0.7226765155792236,-0.11510530859231949,0.19821615368218515,60.77135030054728
3.28125,0.037712231278419495,0.17279654741287231,1.185067057609558,0.13096870481967926,-0.6683082580566406,0.7231553196907043,-0.11514221131801605,0.20076910471664464,60.77135030054728
3.3125,0.037959396839141846,0.17270565032958984,1.185093641281128,0.13093841075897217,-0.6677825450897217,0.7236400842666626,-0.11518091708421707,0.20328045648149465,52.62953599855489
3.34375,0.038209766149520874,0.17261379957199097,1.1851201057434082,0.13090653717517853,-0.6672497391700745,0.7241307497024536,-0.11522118002176285,0.20582073329003603,60.77135030054728
3.375,0.038463279604911804,0.17252099514007568,1.1851462125778198,0.13087326288223267,-0.6667099595069885,0.7246271967887878,-0.11526286602020264,0.20830122810830903,67.94443716500948
3.40625,0.03871992230415344,0.17242708802223206,1.1851723194122314,0.1308387666940689,-0.6661629676818848,0.7251294851303101,-0.11530577391386032,0.21083746092559885,67.94443716500948
3.4375,0.038979604840278625,0.1723320484161377,1.1851985454559326,0.13080328702926636,-0.6656088829040527,0.7256374955177307,-0.11534968763589859,0.21332622192474746,60.77135030054728
3.46875,0.03924231231212616,0.17223572731018066,1.185225009918213,0.13076697289943695,-0.6650477051734924,0.7261512875556946,-0.11539444327354431,0.2158521870338937,67.94443716500948
3.5,0.03950801491737366,0.1721382439136505,1.1852515935897827,0.1307300329208374,-0.6644793748855591,0.7266708016395569,-0.11543986201286316,0.21831685968216405,67.94443716500948
3.53125,0.039776697754859924,0.17203933000564575,1.1852784156799316,0.13069269061088562,-0.6639041900634766,0.7271957993507385,-0.115485779941082,0.2208502183562525,60.77135030054728
3.5625,0.04004828631877899,0.17193907499313354,1.1853057146072388,0.13065510988235474,-0.6633217930793762,0.7277264595031738,-0.11553198844194412,0.2233238438828661,67.94443716500948
3.59375,0.04032273590564728,0.17183732986450195,1.185333490371704,0.13061754405498505,-0.6627324819564819,0.7282626032829285,-0.11557827889919281,0.22580524256466142,67.94443716500948
3.625,0.0406000018119812,0.17173409461975098,1.1853619813919067,0.1305801123380661,-0.6621360182762146,0.7288042902946472,-0.11562453210353851,0.22827259308244863,60.77135030054728
3.65625,0.04088008403778076,0.17162933945655823,1.1853910684585571,0.1305430829524994,-0.6615325808525085,0.7293514609336853,-0.11567048728466034,0.2307399109503595,67.94443716500948
3.6875,0.041162893176078796,0.171522855758667,1.1854208707809448,0.13050660490989685,-0.660922110080719,0.7299039363861084,-0.11571602523326874,0.23320906842088557,74.42940466870769
3.71875,0.04144845902919769,0.17141473293304443,1.1854517459869385,0.1304708570241928,-0.660304605960846,0.7304618954658508,-0.11576098948717117,0.23570428826484735,74.42940466870769
3.75,0.04173661768436432,0.171304851770401,1.185483455657959,0.13043610751628876,-0.659680187702179,0.7310250997543335,-0.11580511927604675,0.2380983108924768,67.94443716500948
3.78125,0.042027443647384644,0.1711931824684143,1.1855162382125854,0.1304025650024414,-0.6590487360954285,0.7315935492515564,-0.11584828794002533,0.24057465788080512,74.42940466870769
3.8125,0.04232083261013031,0.1710795760154724,1.1855500936508179,0.13037040829658508,-0.6584102511405945,0.7321672439575195,-0.11589027941226959,0.24302037428890755,74.42940466870769
3.84375,0.042616769671440125,0.1709640622138977,1.1855852603912354,0.13033977150917053,-0.6577648520469666,0.7327461242675781,-0.11593099683523178,0.2454704838964074,67.94443716500948
3.875,0.04291519522666931,0.17084652185440063,1.1856216192245483,0.13031095266342163,-0.6571125388145447,0.7333301901817322,-0.1159701868891716,0.24790525429751814,74.42940466870769
3.90625,0.04321606457233429,0.17072689533233643,1.185659408569336,0.1302841156721115,-0.6564531326293945,0.7339192628860474,-0.11600767821073532,0.25035021557388304,80.39294357833607
3.9375,0.04351933300495148,0.17060521245002747,1.1856988668441772,0.1302594691514969,-0.6557868719100952,0.7345134615898132,-0.11604330688714981,0.25278218225207033,80.39294357833607
3.96875,0.043824926018714905,0.1704813539981842,1.1857397556304932,0.13023723661899567,-0.6551137566566467,0.7351125478744507,-0.11607695370912552,0.25517936423728266,74.42940466870769
4.0,0.04413285851478577,0.17035523056983948,1.1857824325561523,0.13021759688854218,-0.6544336080551147,0.7357166409492493,-0.11610836535692215,0.2576532576516182,80.39294357833607
4.03125,0.044440001249313354,0.1702268123626709,1.1858279705047607,0.13020990788936615,-0.6537452936172485,0.7363237738609314,-0.11614569276571274,0.2580543949242413,74.42940466870769
4.0625,0.044743165373802185,0.17009630799293518,1.1858770847320557,0.1302226483821869,-0.6530486345291138,0.7369314432144165,-0.11619628965854645,0.2562774534827462,74.42940466870769
4.09375,0.04504196345806122,0.16996407508850098,1.1859301328659058,0.13025476038455963,-0.6523455381393433,0.7375383377075195,-0.11625906825065613,0.25422996737304104,74.42940466870769
4.125,0.04533608257770538,0.16983023285865784,1.1859863996505737,0.13030514121055603,-0.6516374945640564,0.7381435036659241,-0.11633283644914627,0.2519060467938199,74.42940466870769
4.15625,0.04562520980834961,0.16969501972198486,1.18604576587677,0.13037273287773132,-0.6509262919425964,0.7387456297874451,-0.11641644686460495,0.24933578312812435,80.39294357833607
4.1875,0.04590901732444763,0.16955891251564026,1.1861082315444946,0.13045638799667358,-0.6502135992050171,0.7393437027931213,-0.11650872230529785,0.2464476408011776,74.42940466870769
4.21875,0.0461871474981308,0.16942185163497925,1.186173439025879,0.13055507838726044,-0.6495012044906616,0.7399365305900574,-0.11660854518413544,0.2433410109866958,80.39294357833607
4.25,0.04645930230617523,0.1692844033241272,1.1862411499023438,0.13066764175891876,-0.6487907767295837,0.7405229210853577,-0.11671479791402817,0.23986330682626872,80.39294357833607
4.28125,0.04672519862651825,0.16914662718772888,1.1863113641738892,0.1307930052280426,-0.6480841040611267,0.7411018013954163,-0.11682631075382233,0.23623105293886099,80.39294357833607
4.3125,0.046984508633613586,0.1690087914466858,1.186383605003357,0.1309300661087036,-0.6473827958106995,0.7416720390319824,-0.116941899061203,0.23226014789528765,80.39294357833607
4.34375,0.04723687469959259,0.16887125372886658,1.186457633972168,0.13107767701148987,-0.64668869972229,0.742232620716095,-0.11706051975488663,0.2279363221818499,80.39294357833607
4.375,0.047482043504714966,0.16873431205749512,1.1865334510803223,0.13123475015163422,-0.6460035443305969,0.7427822947502136,-0.11718101054430008,0.22339296805831355,80.39294357833607
4.40625,0.047719672322273254,0.16859832406044006,1.1866105794906616,0.13140015304088593,-0.6453290581703186,0.7433199882507324,-0.11730226874351501,0.21845379320967004,74.42940466870769
4.4375,0.04794949293136597,0.1684633195400238,1.186689019203186,0.13157279789447784,-0.6446670293807983,0.7438446879386902,-0.11742309480905533,0.21338313172737294,67.94443716500948
4.46875,0.04817119240760803,0.1683298647403717,1.1867682933807373,0.13175153732299805,-0.6440191268920898,0.7443552017211914,-0.11754245311021805,0.20785042187747513,74.42940466870769
4.5,0.048384442925453186,0.1681981086730957,1.1868481636047363,0.13193519413471222,-0.6433872580528259,0.7448505163192749,-0.11765920370817184,0.20205070890625385,74.42940466870769
4.53125,0.04858900606632233,0.16806837916374207,1.1869287490844727,0.1321226954460144,-0.6427730917930603,0.7453295588493347,-0.11777223646640778,0.19605799497196114,67.94443716500948
4.5625,0.04878459870815277,0.16794097423553467,1.1870092153549194,0.13231290876865387,-0.6421784162521362,0.7457911372184753,-0.11788041144609451,0.18962496406967233,60.77135030054728
4.59375,0.048970893025398254,0.16781628131866455,1.1870896816253662,0.13250458240509033,-0.6416049599647522,0.7462343573570251,-0.11798268556594849,0.18292063348542215,67.94443716500948
4.625,0.04914763569831848,0.16769441962242126,1.1871700286865234,0.132696732878685,-0.6410546898841858,0.7466579675674438,-0.11807792633771896,0.1760444592756915,60.77135030054728
4.65625,0.04931451380252838,0.1675759255886078,1.1872496604919434,0.1328880786895752,-0.6405291557312012,0.7470610737800598,-0.11816500872373581,0.1686636445500896,52.62953599855489
4.6875,0.04947128891944885,0.1674608588218689,1.1873283386230469,0.13307753205299377,-0.6400302648544312,0.7474424839019775,-0.11824285984039307,0.1611135986099905,52.62953599855489
4.71875,0.04961766302585602,0.16734975576400757,1.1874059438705444,0.13326391577720642,-0.6395597457885742,0.7478012442588806,-0.1183103397488594,0.15319981669190585,42.97183463481174
4.75,0.049753352999687195,0.16724279522895813,1.1874821186065674,0.1334461122751236,-0.639119565486908,0.7481362223625183,-0.11836641281843185,0.14501766904444477,52.62953599855489
4.78125,0.049878135323524475,0.16714027523994446,1.1875566244125366,0.1336229145526886,-0.638711154460907,0.7484464645385742,-0.1184098944067955,0.1365919700403821,42.97183463481174
4.8125,0.049991682171821594,0.16704264283180237,1.1876293420791626,0.1337932050228119,-0.6383366584777832,0.7487307786941528,-0.11843977868556976,0.12785027947817912,30.38567515027364
4.84375,0.05009375512599945,0.1669500172138214,1.187699794769287,0.13395583629608154,-0.6379976272583008,0.7489882111549377,-0.11845488846302032,0.11888375718421784,0.0
4.875,0.05018410086631775,0.16686278581619263,1.1877678632736206,0.13410963118076324,-0.6376959681510925,0.749217689037323,-0.11845409870147705,0.10970575722106926,30.38567515027364
4.90625,0.05026240646839142,0.16678130626678467,1.1878331899642944,0.13425341248512268,-0.6374333500862122,0.7494181394577026,-0.11843637377023697,0.10024756859122289,30.38567515027364
4.9375,0.05032844841480255,0.16670575737953186,1.18789541721344,0.1343860626220703,-0.6372116804122925,0.7495885491371155,-0.11840053647756577,0.09068061771609576,0.0
4.96875,0.050381943583488464,0.16663655638694763,1.1879545450210571,0.13450640439987183,-0.637032687664032,0.7497277855873108,-0.11834552139043808,0.08108351845327727,0.0
5.0,0.05042262375354767,0.1665739119052887,1.1880102157592773,0.1346132755279541,-0.6368979811668396,0.7498348951339722,-0.11827016621828079,0.07154544889875013,0.0
5.03125,0.050457194447517395,0.1665153205394745,1.1880632638931274,0.13470947742462158,-0.636788010597229,0.7499248385429382,-0.11818286031484604,0.06625390283373059,0.0
5.0625,0.05049237608909607,0.1664581000804901,1.1881144046783447,0.1347985714673996,-0.6366816163063049,0.7500132918357849,-0.11809282004833221,0.0648371633567144,0.0
5.09375,0.05052797496318817,0.1664023995399475,1.1881636381149292,0.13488085567951202,-0.6365793347358704,0.7500998973846436,-0.11800006031990051,0.0633018442342822,0.0
5.125,0.05056379735469818,0.16634809970855713,1.188211441040039,0.13495643436908722,-0.6364815831184387,0.7501842975616455,-0.11790462583303452,0.06199827198607436,0.0
5.15625,0.050599634647369385,0.16629543900489807,1.1882572174072266,0.13502556085586548,-0.6363885402679443,0.7502661943435669,-0.11780659854412079,0.06024242642726084,0.0
5.1875,0.05063524842262268,0.16624432802200317,1.1883012056350708,0.1350884586572647,-0.6363006234169006,0.7503452301025391,-0.11770603805780411,0.058567932520752944,0.0
5.21875,0.050670474767684937,0.166194885969162,1.1883437633514404,0.13514527678489685,-0.6362181901931763,0.7504210472106934,-0.11760292202234268,0.05693864777462958,0.0
5.25,0.05070506036281586,0.16614729166030884,1.1883845329284668,0.1351962387561798,-0.6361415982246399,0.7504933476448059,-0.11749736219644547,0.054972601162701515,0.0
5.28125,0.05074985325336456,0.16622909903526306,1.1884005069732666,0.1352415829896927,-0.6360710859298706,0.7505618333816528,-0.11738937348127365,0.07267252399477328,0.0
5.3125,0.05074547231197357,0.16658148169517517,1.1883620023727417,0.13528147339820862,-0.6360071301460266,0.7506260871887207,-0.1172790378332138,0.27226150908858404,0.0
5.34375,0.05058637261390686,0.16722410917282104,1.1882588863372803,0.1353161334991455,-0.6359500288963318,0.7506858110427856,-0.11716636270284653,0.5145690048443757,0.0
5.375,0.05016705393791199,0.16817671060562134,1.188082218170166,0.13534574210643768,-0.63590008020401,0.7507407069206238,-0.11705140769481659,0.8107727896443222,0.0
5.40625,0.049381911754608154,0.1694594919681549,1.187821865081787,0.13537053763866425,-0.6358577609062195,0.7507903575897217,-0.11693422496318817,1.1722407533167452,0.0
5.4375,0.04812532663345337,0.17109209299087524,1.18746817111969,0.13539071381092072,-0.6358233094215393,0.7508344650268555,-0.11681488156318665,1.6053756726912805,0.0
5.46875,0.04629163444042206,0.17309433221817017,1.1870121955871582,0.13540644943714142,-0.6357970833778381,0.7508727312088013,-0.1166933923959732,2.1143449428392014,0.0
5.5,0.04377509653568268,0.17548620700836182,1.1864442825317383,0.13541796803474426,-0.6357795000076294,0.7509047985076904,-0.11656980961561203,2.701849027147479,0.0
5.53125,0.040469974279403687,0.17828747630119324,1.1857550144195557,0.13542543351650238,-0.6357706785202026,0.7509303092956543,-0.11644420027732849,3.369239147238467,0.0
5.5625,0.03625994920730591,0.18152004480361938,1.1849358081817627,0.1354215443134308,-0.6357854604721069,0.7509293556213379,-0.11637437343597412,4.124732680762228,0.0
5.59375,0.030996784567832947,0.1852147877216339,1.1839836835861206,0.1353377103805542,-0.6359505653381348,0.7507249712944031,-0.11688709259033203,4.992506184950185,52.62953599855489
5.625,0.024706736207008362,0.18936464190483093,1.182904839515686,0.1351606696844101,-0.6362882852554321,0.7502824068069458,-0.11808964610099792,5.84638714827061,117.68322024830883
5.65625,0.01744924485683441,0.19395428895950317,1.1817058324813843,0.13489437103271484,-0.6367865204811096,0.7496109008789062,-0.11995800584554672,6.6587707487949945,179.7641175957808
5.6875,0.009283781051635742,0.1989688277244568,1.1803932189941406,0.1345425397157669,-0.6374333500862122,0.7487179040908813,-0.12246837466955185,7.427928082961785,241.17889732935265
5.71875,0.00026969611644744873,0.20439264178276062,1.1789734363555908,0.13410861790180206,-0.6382156610488892,0.7476102113723755,-0.125596821308136,8.152647094127763,302.33379519519474
5.75,-0.009533807635307312,0.21021047234535217,1.1774530410766602,0.13359621167182922,-0.6391196250915527,0.7462939620018005,-0.12931950390338898,8.832582226269807,359.52839911610164
5.78125,-0.020067468285560608,0.21640661358833313,1.1758384704589844,0.13300861418247223,-0.640130877494812,0.7447744011878967,-0.13361237943172455,9.467200756803487,413.2902387526194
5.8125,-0.03127218782901764,0.2229650914669037,1.1741360425949097,0.13234935700893402,-0.641234815120697,0.7430564165115356,-0.13845129311084747,10.05633284037973,465.80412086550575
5.84375,-0.04308862239122391,0.22986996173858643,1.1723524332046509,0.13162186741828918,-0.6424156427383423,0.741145133972168,-0.14381149411201477,10.599697308784494,514.7667417420923
5.875,-0.05545757710933685,0.23710525035858154,1.1704936027526855,0.13082966208457947,-0.6436576843261719,0.739045262336731,-0.14966823160648346,11.097419009145165,561.108455109605
5.90625,-0.06831997632980347,0.24465477466583252,1.1685659885406494,0.1299760937690735,-0.6449449062347412,0.7367615103721619,-0.15599627792835236,11.549462136991117,606.9545836113198
5.9375,-0.08161677420139313,0.25250279903411865,1.1665756702423096,0.12906485795974731,-0.6462613940238953,0.734298586845398,-0.1627701371908188,11.956102269701226,649.5730379188535
5.96875,-0.09528891742229462,0.2606331408023834,1.164528489112854,0.1280994564294815,-0.6475910544395447,0.7316616177558899,-0.16996370255947113,12.317267020333098,688.892633800676
6.0,-0.10927748680114746,0.269029825925827,1.1624305248260498,0.1270836591720581,-0.6489180326461792,0.7288560271263123,-0.17755039036273956,12.633211189730526,726.7217458018183
6.03125,-0.12352348864078522,0.2776768207550049,1.1602877378463745,0.1260213702917099,-0.6502264738082886,0.7258875966072083,-0.18550316989421844,12.904014032334903,761.4652242227589
6.0625,-0.13796810805797577,0.28655803203582764,1.1581056118011475,0.12491659075021744,-0.6515002846717834,0.7227633595466614,-0.193794384598732,13.129984181765742,792.9466042961017
6.09375,-0.15255236625671387,0.2956576943397522,1.1558899879455566,0.12377366423606873,-0.6527249217033386,0.7194902300834656,-0.2023959755897522,13.311312874396464,823.2249421697948
6.125,-0.1672174036502838,0.30495980381965637,1.1536465883255005,0.12259682267904282,-0.6538849472999573,0.7160764932632446,-0.21127931773662567,13.448234892176899,849.716295318553
6.15625,-0.18190447986125946,0.3144485056400299,1.1513806581497192,0.12139081954956055,-0.6549663543701172,0.7125309109687805,-0.2204156070947647,13.541216873132651,874.3511210886314
6.1875,-0.19655463099479675,0.3241083025932312,1.1490978002548218,0.12016037106513977,-0.6559553146362305,0.7088634371757507,-0.2297753393650055,13.590563255883797,895.2217476448458
6.21875,-0.21110908687114716,0.3339233696460724,1.1468031406402588,0.11891040951013565,-0.6568390130996704,0.7050847411155701,-0.2393290400505066,13.596706151165943,914.1029859826456
6.25,-0.22550904750823975,0.34387844800949097,1.1445019245147705,0.1176460012793541,-0.6576048731803894,0.7012067437171936,-0.24904678761959076,13.560323744966496,929.1305223076977
6.28125,-0.23969559371471405,0.35395821928977966,1.1421995162963867,0.1163724884390831,-0.6582416892051697,0.697242259979248,-0.2588987946510315,13.481866956926552,942.4503747364629
6.3125,-0.25361013412475586,0.36414772272109985,1.139900803565979,0.115095354616642,-0.6587390303611755,0.6932048201560974,-0.26885512471199036,13.36241652348443,952.6815609810351
6.34375,-0.2671934962272644,0.3744319975376129,1.137610673904419,0.11382001638412476,-0.6590871214866638,0.6891094446182251,-0.2788858115673065,13.202425393072712,960.8841810421136
6.375,-0.28038713335990906,0.3847963809967041,1.1353338956832886,0.11255231499671936,-0.6592776775360107,0.6849716901779175,-0.2889614999294281,13.003404014608279,965.1985110124872
6.40625,-0.29313206672668457,0.39522671699523926,1.1330755949020386,0.11129795759916306,-0.6593031287193298,0.6808081269264221,-0.2990528345108032,12.766487680745897,967.1098711498234
6.4375,-0.30536937713623047,0.4057086408138275,1.1308404207229614,0.1100628599524498,-0.6591567397117615,0.676636278629303,-0.3091309368610382,12.493131762918827,965.6767608581715
6.46875,-0.3170434236526489,0.41622745990753174,1.1286327838897705,0.10885348170995712,-0.6587810516357422,0.6725139021873474,-0.3191920220851898,12.186845347355053,962.8040652555342
6.5,-0.32814672589302063,0.42675167322158813,1.1264585256576538,0.1076747477054596,-0.6579681038856506,0.6686059236526489,-0.3293178379535675,11.867272096072465,962.8040652555342
6.53125,-0.33870911598205566,0.43723708391189575,1.124324083328247,0.10652447491884232,-0.6567171812057495,0.664911150932312,-0.33951184153556824,11.547200301599092,965.1985110124872
6.5625,-0.3487609624862671,0.4476390480995178,1.122235655784607,0.1053999811410904,-0.6550503373146057,0.6614101529121399,-0.349766343832016,11.224419323540403,969.0173790604679
6.59375,-0.3583325445652008,0.45791304111480713,1.1201999187469482,0.1042986512184143,-0.6529893279075623,0.6580838561058044,-0.3600728511810303,10.896789820004223,974.7176090549505
6.625,-0.3674538731575012,0.46801406145095825,1.1182231903076172,0.10321792215108871,-0.6505549550056458,0.654913604259491,-0.3704221546649933,10.562072092056287,980.8554356091774
6.65625,-0.37615489959716797,0.47789788246154785,1.1163121461868286,0.10215549916028976,-0.6477679014205933,0.6518812775611877,-0.3808041512966156,10.219014654319635,987.4227444584146
6.6875,-0.3844652473926544,0.4875195622444153,1.1144729852676392,0.10110931098461151,-0.6446491479873657,0.6489688754081726,-0.3912081718444824,9.86576996857783,993.9466952668008
6.71875,-0.39241400361061096,0.4968344271183014,1.1127125024795532,0.10007695108652115,-0.6412188410758972,0.6461594104766846,-0.401623010635376,9.501148091760765,999.9664961521698
6.75,-0.4000304341316223,0.5057976245880127,1.1110371351242065,0.09905649721622467,-0.6374981999397278,0.6434359550476074,-0.41203635931015015,9.124531075761283,1006.4091403886762
6.78125,-0.40734317898750305,0.5143640041351318,1.1094533205032349,0.09804601967334747,-0.6335086226463318,0.6407821774482727,-0.4224358797073364,8.735221393568496,1011.442443391842
6.8125,-0.4143807590007782,0.522489070892334,1.1079678535461426,0.09704374521970749,-0.6292715072631836,0.6381825804710388,-0.43280819058418274,8.333803519554447,1015.5420322147104
6.84375,-0.4211711287498474,0.5301273465156555,1.1065871715545654,0.09604784101247787,-0.6248095035552979,0.6356219053268433,-0.4431396424770355,7.92040974987573,1019.1722231170587
6.875,-0.4277421236038208,0.537233829498291,1.1053181886672974,0.09505698829889297,-0.6201454997062683,0.6330855488777161,-0.45341646671295166,7.496970096647277,1021.434545694707
6.90625,-0.4341210722923279,0.5437633991241455,1.1041674613952637,0.09406965225934982,-0.6153034567832947,0.6305595636367798,-0.46362408995628357,7.0660356215645805,1022.3380977596297
6.9375,-0.44033485651016235,0.5496702790260315,1.1031415462493896,0.09308440238237381,-0.6103078722953796,0.6280307173728943,-0.47374796867370605,6.63130728960233,1021.434545694707
6.96875,-0.44641000032424927,0.554909348487854,1.1022474765777588,0.0921001136302948,-0.6051844358444214,0.6254860758781433,-0.4837733209133148,6.199172118936399,1019.6251466213005
7.0,-0.452372670173645,0.5594346523284912,1.1014916896820068,0.09111551195383072,-0.5999592542648315,0.6229138374328613,-0.49368539452552795,5.778046427894501,1015.0873055405275
7.03125,-0.458248496055603,0.5632004737854004,1.1008809804916382,0.09012973308563232,-0.5946597456932068,0.6203024983406067,-0.5034691691398621,5.380370651315722,1009.6150126190266
7.0625,-0.46406251192092896,0.566161036491394,1.1004223823547363,0.0891418308019638,-0.589314341545105,0.6176411509513855,-0.5131099820137024,5.023097279720187,1001.3505930063379
7.09375,-0.46983927488327026,0.5682699680328369,1.1001225709915161,0.0881509929895401,-0.5839515924453735,0.6149197816848755,-0.5225932002067566,4.728564812535559,992.0870533218597
7.125,-0.4756028950214386,0.5694811344146729,1.099988579750061,0.08715642988681793,-0.578601598739624,0.6121289134025574,-0.5319042801856995,4.52430836788551,979.9136891264161
7.15625,-0.48137855529785156,0.5697404146194458,1.1000198125839233,0.08615726232528687,-0.5732948780059814,0.6092596054077148,-0.5410293340682983,4.4402391361579525,966.1546828547755
7.1875,-0.4872279465198517,0.5687729120254517,1.099996566772461,0.08514818549156189,-0.5680543184280396,0.6063069701194763,-0.5499600172042847,4.553403143386453,951.2267306878224
7.21875,-0.49316567182540894,0.5664924383163452,1.0998156070709229,0.08412771672010422,-0.5628820657730103,0.6032732129096985,-0.558701753616333,4.8869118172084045,937.0466022727157
7.25,-0.49917903542518616,0.5629444122314453,1.0994831323623657,0.08309714496135712,-0.5577769875526428,0.6001606583595276,-0.5672627091407776,5.3682908864139804,923.1488338778972
7.28125,-0.5052556395530701,0.5581743717193604,1.099005937576294,0.08205775916576385,-0.5527368783950806,0.5969719886779785,-0.575650155544281,5.944246556299582,909.5463755420335
7.3125,-0.5113829374313354,0.552227258682251,1.0983905792236328,0.08101068437099457,-0.5477595925331116,0.5937092304229736,-0.5838716626167297,6.574842436168505,897.2821151891152
7.34375,-0.5175485014915466,0.5451488494873047,1.0976436138153076,0.07995704561471939,-0.5428425669670105,0.5903739333152771,-0.5919352769851685,7.232097988566602,886.4117871627698
7.375,-0.5237396955490112,0.5369848608970642,1.0967717170715332,0.0788978785276413,-0.5379830598831177,0.5869675874710083,-0.599848747253418,7.8974078402922405,875.4064672776683
7.40625,-0.529944658279419,0.5277801156044006,1.0957818031311035,0.07783427089452744,-0.5331774950027466,0.5834913849830627,-0.60761958360672,8.559284218915707,864.7949761001098
7.4375,-0.5361588001251221,0.5175720453262329,1.094685673713684,0.07676959782838821,-0.5284297466278076,0.5799427628517151,-0.615251898765564,9.216696267570155,855.1321162359959
7.46875,-0.5423715114593506,0.5064037442207336,1.093493103981018,0.07570510357618332,-0.5237385034561157,0.5763218998908997,-0.6227519512176514,9.857690973389856,846.4502627819929
7.5,-0.5485674738883972,0.494323194026947,1.0922114849090576,0.07464025169610977,-0.5190981030464172,0.5726305246353149,-0.6301273107528687,10.473340351849865,837.6784147554855
7.53125,-0.554732084274292,0.4813786745071411,1.090847373008728,0.07357443869113922,-0.514503002166748,0.5688700079917908,-0.6373856663703918,11.060901509183443,829.9270789532483
7.5625,-0.5608508586883545,0.4676183760166168,1.0894078016281128,0.07250700891017914,-0.5099471807479858,0.5650416016578674,-0.6445344686508179,11.618334264663666,823.2249421697948
7.59375,-0.5669097900390625,0.453090637922287,1.0878996849060059,0.07143723964691162,-0.5054243803024292,0.5611461400985718,-0.6515811085700989,12.144123361338377,817.5978225201882
7.625,-0.5728952288627625,0.43784454464912415,1.0863300561904907,0.07036411017179489,-0.5009282231330872,0.5571844577789307,-0.6585327982902527,12.636635914786055,813.068177666419
7.65625,-0.5787942409515381,0.4219287633895874,1.0847060680389404,0.06928689032793045,-0.4964521527290344,0.5531567931175232,-0.6653962135314941,13.095419477424759,808.5131245089376
7.6875,-0.5845946669578552,0.40539249777793884,1.0830343961715698,0.0682043582201004,-0.49198925495147705,0.5490632653236389,-0.6721788644790649,13.519581397028883,805.0798889414957
7.71875,-0.5902849435806274,0.3882845342159271,1.081322193145752,0.06711576133966446,-0.4875325560569763,0.5449038743972778,-0.6788867712020874,13.908929441322492,802.7828963236203
7.75,-0.5958548188209534,0.37065252661705017,1.0795762538909912,0.0660209059715271,-0.4830761253833771,0.5406774282455444,-0.6855266690254211,14.26412986428572,801.0558693316043
7.78125,-0.6012943387031555,0.352545827627182,1.0778037309646606,0.0649188831448555,-0.47861233353614807,0.536383330821991,-0.6921046376228333,14.583565098646545,800.4793467241418
7.8125,-0.6065937876701355,0.33401381969451904,1.0760111808776855,0.06380850076675415,-0.47413405776023865,0.5320208668708801,-0.698626697063446,14.86695508880491,801.0558693316043
7.84375,-0.6117439866065979,0.3151065707206726,1.0742062330245972,0.06268853694200516,-0.46963322162628174,0.5275892019271851,-0.7050988674163818,15.113538567824058,801.6319821277165
7.875,-0.6167369484901428,0.29587358236312866,1.0723953247070312,0.06155770272016525,-0.4651026427745819,0.5230870246887207,-0.71152663230896,15.323801992789338,803.3577796856819
7.90625,-0.6215654015541077,0.27636510133743286,1.0705854892730713,0.060414765030145645,-0.4605341851711273,0.5185132622718811,-0.7179152965545654,15.49705826431163,805.6530510958864
7.9375,-0.6262226104736328,0.2566312849521637,1.0687839984893799,0.05925833433866501,-0.45591971278190613,0.5138663053512573,-0.7242701053619385,15.633252190578938,809.6542851947065
7.96875,-0.6307031512260437,0.23672237992286682,1.0669972896575928,0.05808703973889351,-0.4512510895729065,0.5091444253921509,-0.7305958271026611,15.732420651739488,813.6357663864471
8.0,-0.6350022554397583,0.21668896079063416,1.0652326345443726,0.05689939111471176,-0.44652023911476135,0.5043460130691528,-0.7368970513343811,15.794199568411326,818.7263610163709
8.03125,-0.6391158699989319,0.19658124446868896,1.0634973049163818,0.05569400265812874,-0.44171854853630066,0.4994690418243408,-0.7431780099868774,15.818813596290159,824.345694250324
8.0625,-0.6430411338806152,0.17645025253295898,1.0617977380752563,0.0544692799448967,-0.43683764338493347,0.4945112466812134,-0.7494428157806396,15.805750939781834,830.4831109932006
8.09375,-0.6467756628990173,0.1563463807106018,1.0601410865783691,0.053223833441734314,-0.4318690896034241,0.48947080969810486,-0.7556948661804199,15.755363270704471,838.2293651346955
8.125,-0.6503183245658875,0.1363205909729004,1.0585342645645142,0.05195595324039459,-0.4268037974834442,0.4843449294567108,-0.7619377374649048,15.66728609120069,845.9046399503356
8.15625,-0.6536687612533569,0.11642351746559143,1.056984305381775,0.05066414922475815,-0.4216333031654358,0.47913122177124023,-0.7681742906570435,15.54173434490352,855.1321162359959
8.1875,-0.656827449798584,0.09670621156692505,1.0554982423782349,0.04934671148657799,-0.41634878516197205,0.4738270044326782,-0.7744072675704956,15.378379456186769,865.3286324403412
8.21875,-0.6597956418991089,0.07721805572509766,1.0540822744369507,0.04800225794315338,-0.41094160079956055,0.4684298038482666,-0.7806383371353149,15.178512183181958,875.4064672776683
8.25,-0.6625766754150391,0.057986557483673096,1.0527373552322388,0.04663194343447685,-0.4054105579853058,0.46294137835502625,-0.7868627905845642,14.959123478566571,885.3695549369393
8.28125,-0.6651749610900879,0.03902268409729004,1.051458716392517,0.04523902013897896,-0.39975976943969727,0.45736682415008545,-0.7930707335472107,14.733084699013844,894.7059590794831
8.3125,-0.6675951480865479,0.020336449146270752,1.0502421855926514,0.04382674768567085,-0.3939938545227051,0.4517118036746979,-0.7992525100708008,14.501024512412636,903.4350228010294
8.34375,-0.6698423027992249,0.0019381940364837646,1.0490831136703491,0.04239831119775772,-0.3881179392337799,0.4459817707538605,-0.80539870262146,14.262670822932222,911.0677591985187
8.375,-0.6719221472740173,-0.01616191864013672,1.047977328300476,0.04095682501792908,-0.3821374773979187,0.44018274545669556,-0.8115002512931824,14.018105894934878,916.6247191449711
8.40625,-0.6738399863243103,-0.03395363688468933,1.0469201803207397,0.039505526423454285,-0.3760583698749542,0.43432068824768066,-0.8175481557846069,13.767156074690678,922.6486181438422
8.4375,-0.6756020188331604,-0.051426857709884644,1.0459073781967163,0.038047388195991516,-0.369886577129364,0.42840203642845154,-0.823533833026886,13.509903022339874,927.6387270306967
8.46875,-0.6772143840789795,-0.06857144832611084,1.0449345111846924,0.036585498601198196,-0.3636285066604614,0.42243292927742004,-0.8294493556022644,13.246234145527131,930.1237410960441
8.5,-0.6786834597587585,-0.08537733554840088,1.0439969301223755,0.035122890025377274,-0.3572911322116852,0.41642025113105774,-0.835286557674408,12.976133847032344,933.591564741443
8.53125,-0.6800159215927124,-0.10183444619178772,1.043090581893921,0.033662449568510056,-0.350881427526474,0.4103705883026123,-0.8410381078720093,12.699511394103396,934.5800297181273
8.5625,-0.6812188625335693,-0.11793306469917297,1.042210578918457,0.032207127660512924,-0.3444068431854248,0.40429070591926575,-0.8466969132423401,12.416614406867614,935.0738523951193
8.59375,-0.6822990775108337,-0.13366296887397766,1.0413531064987183,0.03075975738465786,-0.3378748893737793,0.39818763732910156,-0.8522564172744751,12.126912243344563,934.5800297181273
8.625,-0.6832641363143921,-0.14901453256607056,1.040513038635254,0.029323123395442963,-0.3312934339046478,0.39206835627555847,-0.8577104806900024,11.83087886123899,933.591564741443
8.65625,-0.6841209530830383,-0.16397780179977417,1.0396864414215088,0.02790004573762417,-0.324670672416687,0.38594022393226624,-0.8630531430244446,11.528107691819311,930.6199406788672
8.6875,-0.6848775148391724,-0.1785431206226349,1.0388686656951904,0.026493176817893982,-0.3180147707462311,0.37981006503105164,-0.8682793378829956,11.218838712612472,927.6387270306967
8.71875,-0.6855410933494568,-0.1927008330821991,1.038055181503296,0.025105226784944534,-0.31133416295051575,0.37368524074554443,-0.8733842968940735,10.902974126644015,922.6486181438422
8.75,-0.686119556427002,-0.20644134283065796,1.0372419357299805,0.023738760501146317,-0.3046375811100006,0.3675731122493744,-0.8783634901046753,10.580509434387793,917.6314617078742
8.78125,-0.6866205334663391,-0.21975496411323547,1.0364240407943726,0.022396350279450417,-0.29793354868888855,0.3614807426929474,-0.8832132816314697,10.25136008366955,912.080648931675
8.8125,-0.6870518922805786,-0.2326323539018631,1.035597324371338,0.021080581471323967,-0.2912309467792511,0.3554154634475708,-0.8879302144050598,9.91573051445112,904.4564366102697
8.84375,-0.6874215006828308,-0.24506396055221558,1.0347572565078735,0.019793884828686714,-0.28453880548477173,0.34938451647758484,-0.892511248588562,9.573457202600036,896.2525051528708
8.875,-0.6877371668815613,-0.25704044103622437,1.0338993072509766,0.018538720905780792,-0.27786585688591003,0.3433951139450073,-0.8969541192054749,9.224693862121061,887.4527899545499
8.90625,-0.6880065202713013,-0.26855239272117615,1.0330193042755127,0.017317522317171097,-0.2712210416793823,0.3374541103839874,-0.9012568593025208,8.869385603978424,877.5133074290505
8.9375,-0.688237190246582,-0.2795906662940979,1.0321124792099,0.01613268256187439,-0.264613538980484,0.33156904578208923,-0.905417799949646,8.50779795891725,865.8619609314926
8.96875,-0.6884371042251587,-0.29014575481414795,1.0311745405197144,0.014986594207584858,-0.2580522298812866,0.32574644684791565,-0.9094359278678894,8.139698166229069,855.1321162359959
9.0,-0.6886134147644043,-0.3002086877822876,1.0302009582519531,0.013881594873964787,-0.2515459656715393,0.3199935257434845,-0.9133105278015137,7.765599305018759,842.0757725054098
9.03125,-0.6887736916542053,-0.30977022647857666,1.029187560081482,0.012820065021514893,-0.24510374665260315,0.3143170475959778,-0.9170412421226501,7.38541653000088,828.8137854392928
9.0625,-0.6889250874519348,-0.31882113218307495,1.0281294584274292,0.011804364621639252,-0.23873430490493774,0.3087237477302551,-0.9206281900405884,6.999400208153436,814.7697143924527
9.09375,-0.6890745162963867,-0.3273524045944214,1.0270226001739502,0.010836916975677013,-0.23244653642177582,0.303220272064209,-0.9240717887878418,6.607928233279443,799.3250720751663
9.125,-0.6892289519309998,-0.33535486459732056,1.025862216949463,0.009920112788677216,-0.22624914348125458,0.297813355922699,-0.9273726940155029,6.2112971473314165,782.9867131653623
9.15625,-0.6893839836120605,-0.34282374382019043,1.0246458053588867,0.009054448455572128,-0.22015024721622467,0.2925088405609131,-0.9305323362350464,5.812894937714283,766.9021914058726
9.1875,-0.6891944408416748,-0.3498927652835846,1.0234378576278687,0.00817662663757801,-0.21414625644683838,0.2872975766658783,-0.9335601925849915,5.509624188314005,751.7023703891962
9.21875,-0.6884977221488953,-0.3566460907459259,1.0222690105438232,0.007264191284775734,-0.20823630690574646,0.28217023611068726,-0.9364640116691589,5.2907912596469915,738.692909077073
9.25,-0.6872766017913818,-0.36315232515335083,1.0211366415023804,0.006360538769513369,-0.20243145525455475,0.2771148979663849,-0.9392488598823547,5.157877905666976,724.8135002307434
9.28125,-0.6855421662330627,-0.3694227337837219,1.0200397968292236,0.0054702153429389,-0.1967328041791916,0.2721306085586548,-0.9419189095497131,5.067016904466492,710.6630421573911
9.3125,-0.6833088994026184,-0.37546151876449585,1.0189779996871948,0.0045929872430861,-0.19114041328430176,0.26721787452697754,-0.9444780945777893,5.011564493964485,696.8878893185529
9.34375,-0.6805914044380188,-0.38127318024635315,1.0179510116577148,0.0037286041770130396,-0.18565413355827332,0.2623773217201233,-0.9469301700592041,4.989925557115901,683.5105813384893
9.375,-0.6774042248725891,-0.38686197996139526,1.016958475112915,0.0028767921030521393,-0.1802738755941391,0.2576092481613159,-0.9492789506912231,4.999551660583267,668.486487428779
9.40625,-0.6737617254257202,-0.3922325074672699,1.015999674797058,0.0020372860599309206,-0.17499913275241852,0.25291386246681213,-0.9515281319618225,5.037849699494375,655.9381048667666
9.4375,-0.6696785688400269,-0.39738914370536804,1.0150748491287231,0.0012098115403205156,-0.1698295772075653,0.2482912540435791,-0.953681230545044,5.10118333866506,643.1449419852794
9.46875,-0.6651691198348999,-0.40233656764030457,1.0141830444335938,0.0003940811729989946,-0.1647646129131317,0.24374161660671234,-0.9557418823242188,5.186556481823731,628.625079960856
9.5,-0.6602478623390198,-0.4070793390274048,1.0133239030838013,0.00041017489274963737,0.15980365872383118,-0.23926493525505066,0.9577133655548096,5.290331710768381,616.7682237676345
9.53125,-0.6549290418624878,-0.411622017621994,1.0124975442886353,0.001203247345983982,0.15494610369205475,-0.23486118018627167,0.9595991373062134,5.409285692208282,604.6684919753598
9.5625,-0.6492271423339844,-0.4159693419933319,1.0117027759552002,0.0019854228012263775,0.15019111335277557,-0.23053021728992462,0.9614023566246033,5.540391893614635,591.5470702023617
9.59375,-0.6431565284729004,-0.4201261103153229,1.0109398365020752,0.002756988862529397,0.14553797245025635,-0.22627200186252594,0.9631262421607971,5.680768504370442,578.9259051445537
9.625,-0.6367312073707581,-0.424096941947937,1.0102078914642334,0.0035182361025363207,0.14098577201366425,-0.22208623588085175,0.9647737741470337,5.828102931218641,566.0234045948328
9.65625,-0.6299657821655273,-0.42788657546043396,1.0095067024230957,0.00426944624632597,0.13653354346752167,-0.21797269582748413,0.9663479328155518,5.9797551126721995,554.4874609734914
9.6875,-0.6228746175765991,-0.4314999580383301,1.0088359117507935,0.005010917782783508,0.13218042254447937,-0.21393106877803802,0.9678516387939453,6.133965092978324,543.5563579239113
9.71875,-0.6154717206954956,-0.4349416494369507,1.008194923400879,0.005742934066802263,0.12792529165744781,-0.20996101200580597,0.969287633895874,6.289117710984788,530.6638157900002
9.75,-0.6077714562416077,-0.4382167458534241,1.0075833797454834,0.006465798243880272,0.12376714497804642,-0.2060621976852417,0.9706587195396423,6.443621447408899,519.2313905157196
9.78125,-0.5997880101203918,-0.44132980704307556,1.0070008039474487,0.007179789710789919,0.11970483511686325,-0.2022341638803482,0.971967339515686,6.596129933680104,508.4503194014479
9.8125,-0.5915355086326599,-0.4442858397960663,1.0064465999603271,0.007885194383561611,0.11573731154203415,-0.19847649335861206,0.9732162356376648,6.745692040698674,496.50669544892673
9.84375,-0.5830283164978027,-0.44708961248397827,1.0059205293655396,0.008582309819757938,0.11186336725950241,-0.19478879868984222,0.9744076728820801,6.89107068722447,485.2209416568829
9.875,-0.5742805600166321,-0.44974595308303833,1.005421757698059,0.009271410293877125,0.1080818697810173,-0.19117049872875214,0.9755440950393677,7.031632794450582,473.6663926002424
9.90625,-0.5653064250946045,-0.45225971937179565,1.0049501657485962,0.009952787309885025,0.10439154505729675,-0.1876211315393448,0.9766277074813843,7.166576719112343,464.8120085678047
9.9375,-0.5561200380325317,-0.45463570952415466,1.004504919052124,0.010626723058521748,0.10079120844602585,-0.1841401755809784,0.9776607751846313,7.295324154183435,453.7554212827931
9.96875,-0.5467355251312256,-0.45687875151634216,1.0040855407714844,0.011293495073914528,0.09727960079908371,-0.18072707951068878,0.9786454439163208,7.417313680154118,442.42258016661117
10.0,-0.5371670722961426,-0.45899373292922974,1.00369131565094,0.011953379958868027,0.09385547041893005,-0.17738129198551178,0.9795836806297302,7.532034387996876,431.86202853988266
10.03125,-0.5274288654327393,-0.46098530292510986,1.0033220052719116,0.01260666735470295,0.09051746875047684,-0.17410217225551605,0.980477511882782,7.639010424806104,422.1317137275258
10.0625,-0.5175348520278931,-0.4628583788871765,1.002976894378662,0.013253609649837017,0.08726441860198975,-0.17088927328586578,0.9813287854194641,7.738110247770497,412.17174063451637
10.09375,-0.5074993371963501,-0.46461760997772217,1.0026553869247437,0.013894496485590935,0.08409493416547775,-0.16774186491966248,0.9821393489837646,7.82869750113027,401.9650611086862
10.125,-0.4973364472389221,-0.46626782417297363,1.002356767654419,0.014529597014188766,0.08100773394107819,-0.16465945541858673,0.9829109311103821,7.910650382502742,392.66980202570244
10.15625,-0.4870601296424866,-0.4678136706352234,1.0020804405212402,0.01515917107462883,0.0780014619231224,-0.16164134442806244,0.9836453199386597,7.983828255518242,384.3520659563526
10.1875,-0.47668471932411194,-0.4692598581314087,1.0018256902694702,0.015783490613102913,0.07507486641407013,-0.158687025308609,0.9843440055847168,8.047727397624662,375.8503245907627
10.21875,-0.46622419357299805,-0.47061100602149963,1.0015919208526611,0.016402816399931908,0.07222653180360794,-0.15579575300216675,0.9850086569786072,8.102412527826663,364.6283784259451
10.25,-0.45569267868995667,-0.4718717038631439,1.0013784170150757,0.017017409205436707,0.06945519149303436,-0.15296705067157745,0.9856406450271606,8.147598636311296,355.6554769510293
10.28125,-0.4451042413711548,-0.4730466604232788,1.0011845827102661,0.017627529799938202,0.06675945222377777,-0.15020018815994263,0.9862415790557861,8.183186858493022,346.45021244054965
10.3125,-0.43447303771972656,-0.47414031624794006,1.0010095834732056,0.018233435228466988,0.0641380101442337,-0.1474945843219757,0.9868126511573792,8.208953644982923,338.3607822743967
10.34375,-0.42381319403648376,-0.4751572608947754,1.0008525848388672,0.01883537322282791,0.061589524149894714,-0.14484959840774536,0.9873553514480591,8.224813630489926,330.07312635815157
10.375,-0.41313886642456055,-0.4761018753051758,1.0007132291793823,0.019433610141277313,0.05911260098218918,-0.14226458966732025,0.9878708124160767,8.230616516650253,323.0043518502411
10.40625,-0.40246397256851196,-0.4769786298274994,1.0005903244018555,0.020028378814458847,0.05670594051480293,-0.13973897695541382,0.9883604645729065,8.22646526387206,311.3606893154994
10.4375,-0.3918028771877289,-0.4777919352054596,1.0004830360412598,0.0206199511885643,0.05436817556619644,-0.13727208971977234,0.988825261592865,8.211925345313398,303.85690005935083
10.46875,-0.38116955757141113,-0.4785459637641907,1.0003910064697266,0.021208543330430984,0.05209799483418465,-0.13486328721046448,0.9892663359642029,8.187201130713802,297.7177416182358
10.5,-0.3705780506134033,-0.47924527525901794,1.00031316280365,0.021794432774186134,0.04989399388432503,-0.13251198828220367,0.9896848797798157,8.152207392681802,289.8610023367268
10.53125,-0.3600428104400635,-0.4798938035964966,1.000248670578003,0.02237783558666706,0.04775487631559372,-0.1302175670862198,0.9900819063186646,8.106531327297589,281.78528036023806
10.5625,-0.3495776057243347,-0.4804958999156952,1.0001966953277588,0.022959008812904358,0.04567931592464447,-0.12797942757606506,0.9904582500457764,8.050667081048353,273.47119161190506
10.59375,-0.3391968309879303,-0.4810556471347809,1.0001566410064697,0.02353818528354168,0.04366587474942207,-0.1257968544960022,0.9908150434494019,7.984075852797682,264.8962784297367
10.625,-0.32891443371772766,-0.481577068567276,1.0001270771026611,0.024115605279803276,0.04171331971883774,-0.1236693263053894,0.9911530613899231,7.907060774075353,259.6154288804821
10.65625,-0.3187447190284729,-0.48206424713134766,1.0001076459884644,0.024691497907042503,0.03982027620077133,-0.12159616500139236,0.9914731979370117,7.819311805286237,254.22489332334635
10.6875,-0.30870169401168823,-0.4825209975242615,1.0000971555709839,0.02526610717177391,0.03798540681600571,-0.11957678198814392,0.9917762875556946,7.721020010021226,244.97723382868844
10.71875,-0.2987998425960541,-0.4829513728618622,1.0000948905944824,0.0258396677672863,0.036207351833581924,-0.11761059612035751,0.9920631051063538,7.611801887066212,237.31978580678208
10.75,-0.2890530228614807,-0.48335903882980347,1.000100016593933,0.02641240507364273,0.03448481485247612,-0.11569695919752121,0.9923343062400818,7.492103368534904,231.41047006142713
10.78125,-0.2794755697250366,-0.48374778032302856,1.0001112222671509,0.026984555646777153,0.032816432416439056,-0.11383527517318726,0.9925907850265503,7.361545711663386,223.28825498725809
10.8125,-0.2700815796852112,-0.48412132263183594,1.0001280307769775,0.027556343004107475,0.03120090439915657,-0.11202491819858551,0.9928330779075623,7.220297377608604,221.21112615876552
10.84375,-0.2608853876590729,-0.48448339104652405,1.0001493692398071,0.0281280018389225,0.029636889696121216,-0.11026529222726822,0.9930619597434998,7.068166314911881,210.51818497535456
10.875,-0.25190117955207825,-0.4848373234272003,1.0001740455627441,0.028699763119220734,0.028123071417212486,-0.10855583101511002,0.993277907371521,6.905249948425221,206.08572688328562
10.90625,-0.2431429624557495,-0.485184907913208,1.0001987218856812,0.029270607978105545,0.026657959446310997,-0.10689590126276016,0.9934816956520081,6.731632474604819,201.55581565213896
10.9375,-0.2346174716949463,-0.4854678511619568,1.0001299381256104,0.02980050817131996,0.02523641660809517,-0.10528497397899628,0.9936751127243042,6.551394800010773,192.17593052533874
10.96875,-0.22632384300231934,-0.48566028475761414,0.9999286532402039,0.030271779745817184,0.023856157436966896,-0.10372265428304672,0.9938592314720154,6.373096254069338,184.8288736200745
11.0,-0.21826167404651642,-0.48576611280441284,0.9996016621589661,0.03068673051893711,0.022517047822475433,-0.10220867395401001,0.9940345287322998,6.197369304848461,179.7641175957808
11.03125,-0.2104305922985077,-0.4857892096042633,0.9991558194160461,0.03104766085743904,0.021218959242105484,-0.10074274241924286,0.9942015409469604,6.024035893763881,171.8873590298145
11.0625,-0.20283019542694092,-0.48573362827301025,0.9985982775688171,0.03135685995221138,0.019961750134825706,-0.09932447969913483,0.9943605661392212,5.852944793777985,169.1803091749283
11.09375,-0.19546014070510864,-0.48560309410095215,0.9979361891746521,0.03161665052175522,0.018745284527540207,-0.097953662276268,0.9945120215415955,5.683880190906756,160.78590764723967
11.125,-0.1883200705051422,-0.48540157079696655,0.9971761107444763,0.03182933107018471,0.01756940223276615,-0.09662991762161255,0.9946561455726624,5.516728070720947,154.93717226472813
11.15625,-0.18140965700149536,-0.4851328432559967,0.9963252544403076,0.031997207552194595,0.016433952376246452,-0.09535295516252518,0.9947934150695801,5.351256631112033,151.92839880325664
11.1875,-0.1747286021709442,-0.48480069637298584,0.9953906536102295,0.03212257847189903,0.015338776633143425,-0.09412241727113724,0.9949240684509277,5.187286800307145,145.7246028669312
11.21875,-0.16827648878097534,-0.48440903425216675,0.9943793416023254,0.03220769390463829,0.014283008873462677,-0.09293803572654724,0.9950483441352844,5.024734565255067,135.8888845753027
11.25,-0.16205255687236786,-0.48396146297454834,0.993297278881073,0.03225456550717354,0.013263595290482044,-0.09179931879043579,0.9951665997505188,4.863842231498969,132.44809823373333
11.28125,-0.15605637431144714,-0.48346200585365295,0.992152214050293,0.03226539120078087,0.012279928661882877,-0.09070554375648499,0.9952791929244995,4.703950616815485,128.91551414971897
11.3125,-0.15028756856918335,-0.4829142689704895,0.990951418876648,0.03224240243434906,0.011331710033118725,-0.08965595811605453,0.9953863024711609,4.5449150718175755,125.28335615288961
11.34375,-0.14474579691886902,-0.48232221603393555,0.989702582359314,0.03218783438205719,0.010418633930385113,-0.08864980190992355,0.9954881072044373,4.386439963583083,113.69279492385019
11.375,-0.1394306868314743,-0.48168954253196716,0.9884133338928223,0.03210391849279404,0.009540398605167866,-0.08768634498119354,0.9955849647521973,4.228384577766603,109.55712221159663
11.40625,-0.13434194028377533,-0.4810199439525604,0.9870912432670593,0.03199286758899689,0.008696707896888256,-0.08676482737064362,0.9956769943237305,4.070517967697969,105.25907199710979
11.4375,-0.12947919964790344,-0.48031723499298096,0.9857436418533325,0.031856928020715714,0.007887246087193489,-0.08588453382253647,0.995764434337616,3.91273766070417,105.25907199710979
11.46875,-0.12484218925237656,-0.47958505153656006,0.9843782782554626,0.031698305159807205,0.007111713290214539,-0.08504465967416763,0.9958474040031433,3.754740664466479,100.77788733550196
11.5,-0.12043061852455139,-0.4788271486759186,0.9830027222633362,0.03151923790574074,0.006369802635163069,-0.08424447476863861,0.9959261417388916,3.5963831957235466,96.08794477210188
11.53125,-0.11624421179294586,-0.4780472218990326,0.9816243648529053,0.0313219390809536,0.00566120957955718,-0.08348323404788971,0.9960007667541504,3.4375319744920514,91.15703313478375
11.5625,-0.11228272318840027,-0.4772489666938782,0.9802510142326355,0.031108621507883072,0.004985624458640814,-0.08276015520095825,0.9960713982582092,3.2779023105969376,80.39294357833607
11.59375,-0.10854592174291611,-0.47643598914146423,0.978890061378479,0.030881525948643684,0.004342749714851379,-0.08207451552152634,0.9961381554603577,3.117437743417659,80.39294357833607
11.625,-0.10503356158733368,-0.47561192512512207,0.9775490760803223,0.030642859637737274,0.0037322822026908398,-0.08142555505037308,0.9962012767791748,2.9559517455914674,80.39294357833607
11.65625,-0.10174547135829926,-0.47478049993515015,0.9762356281280518,0.030394840985536575,0.003153915284201503,-0.08081250637769699,0.9962608218193054,2.7932351798912127,74.42940466870769
11.6875,-0.09868144989013672,-0.47394534945487976,0.9749572277069092,0.030139688402414322,0.0026073509361594915,-0.08023460954427719,0.9963167905807495,2.629209742521301,74.42940466870769
11.71875,-0.09584133327007294,-0.47311002016067505,0.9737216234207153,0.029879620298743248,0.002092288574203849,-0.07969112694263458,0.996369481086731,2.4636830817893562,60.77135030054728
11.75,-0.09322495758533478,-0.47227826714515686,0.972536027431488,0.029616856947541237,0.0016084241215139627,-0.07918128371238708,0.996418833732605,2.2966760773058206,60.77135030054728
11.78125,-0.09083221852779388,-0.47145357728004456,0.9714084267616272,0.029353603720664978,0.0011554689845070243,-0.07870440930128098,0.9964650869369507,2.1279001177010812,52.62953599855489
11.8125,-0.08866293728351593,-0.47063955664634705,0.9703455567359924,0.029092097654938698,0.0007331226370297372,-0.07826009392738342,0.9965081810951233,1.9577378036896456,52.62953599855489
11.84375,-0.08671711385250092,-0.46983954310417175,0.9693546295166016,0.028834568336606026,0.0003410943318158388,-0.07784805446863174,0.9965481162071228,1.7860231131210662,52.62953599855489
11.875,-0.0849945917725563,-0.46905720233917236,0.9684430360794067,0.028583217412233353,-2.0913954358547926e-05,-0.07746793329715729,0.9965850710868835,1.6128259598270682,42.97183463481174
11.90625,-0.08349538594484329,-0.46829599142074585,0.9676177501678467,0.028340283781290054,-0.0003531902329996228,-0.07711943984031677,0.9966189861297607,1.438469744974984,30.38567515027364
11.9375,-0.08221936225891113,-0.4675593078136444,0.9668859243392944,0.02810799889266491,-0.0006560380570590496,-0.07680223137140274,0.9966498613357544,1.2634727934390309,52.62953599855489
11.96875,-0.0811665952205658,-0.466850608587265,0.9662547707557678,0.027888581156730652,-0.0009297493961639702,-0.0765160322189331,0.996677815914154,1.0885374870136395,30.38567515027364
12.0,-0.08033698797225952,-0.4661734998226166,0.9657313823699951,0.027684256434440613,-0.001174628734588623,-0.07626049220561981,0.9967028498649597,0.915390233263357,30.38567515027364
12.03125,-0.07973060011863708,-0.46553125977516174,0.9653230309486389,0.02749725431203842,-0.0013909661211073399,-0.076035276055336,0.9967249631881714,0.7473430808764379,30.38567515027364
12.0625,-0.07934741675853729,-0.46492740511894226,0.9650368690490723,0.027329804375767708,-0.0015790656907483935,-0.07584010809659958,0.9967441558837891,0.5915886422916059,0.0
12.09375,-0.07918751239776611,-0.46436530351638794,0.9648799896240234,0.027184128761291504,-0.0017392269801348448,-0.0756746381521225,0.9967604279518127,0.46471220033866134,0.0
12.125,-0.07925090938806534,-0.4638484716415405,0.9648595452308655,0.02706245519220829,-0.0018717529019340873,-0.07553853839635849,0.9967738389968872,0.4002100502799242,0.0
12.15625,-0.07953339070081711,-0.46337971091270447,0.9649798274040222,0.026967037469148636,-0.0019772984087467194,-0.07543138414621353,0.9967843294143677,0.43035427454055525,0.0
12.1875,-0.07989352941513062,-0.46294358372688293,0.9651454091072083,0.026900339871644974,-0.002068151021376252,-0.07534851133823395,0.996792197227478,0.45261473741211455,0.0
12.21875,-0.08026212453842163,-0.4625312089920044,0.9653083682060242,0.026862021535634995,-0.002150492509827018,-0.07528690248727798,0.9967977404594421,0.44283106495767754,0.0
12.25,-0.08063838630914688,-0.4621417820453644,0.9654689431190491,0.026850804686546326,-0.0022247224114835262,-0.0752454623579979,0.9968010187149048,0.43377424684563803,0.0
12.28125,-0.08102157711982727,-0.46177437901496887,0.9656267166137695,0.02686544507741928,-0.0022912360727787018,-0.07522312551736832,0.9968021512031555,0.4253310288896849,0.0
12.3125,-0.08141089975833893,-0.4614284634590149,0.9657816886901855,0.02690468542277813,-0.002350425813347101,-0.07521878927946091,0.9968012571334839,0.4173046846237118,0.0
12.34375,-0.08180559426546097,-0.46110299229621887,0.9659342169761658,0.02696724608540535,-0.002402682090178132,-0.07523137331008911,0.9967985153198242,0.40998549568411347,0.0
12.375,-0.08220485597848892,-0.46079739928245544,0.9660838842391968,0.0270518958568573,-0.002448391867801547,-0.07525980472564697,0.9967939257621765,0.4028870449647741,0.0
12.40625,-0.08260791748762131,-0.4605107605457306,0.9662310481071472,0.027157370001077652,-0.0024879411794245243,-0.07530299574136734,0.9967876672744751,0.39630403110864443,0.0
12.4375,-0.08301398158073425,-0.46024248003959656,0.9663755893707275,0.027282411232590675,-0.0025217116344720125,-0.07535979896783829,0.9967799186706543,0.38991009291290035,0.0
12.46875,-0.08342228084802628,-0.45999160408973694,0.9665173292160034,0.02742576040327549,-0.002550083678215742,-0.07542919367551804,0.9967706799507141,0.3837981259389645,0.0
12.5,-0.08383198827505112,-0.4597574770450592,0.9666565656661987,0.02758617326617241,-0.0025734328664839268,-0.07551003992557526,0.9967600703239441,0.3778547833756072,0.0
12.53125,-0.0842423141002655,-0.45953935384750366,0.9667930006980896,0.02776237763464451,-0.0025921363849192858,-0.07560129463672638,0.9967482089996338,0.37195273572850907,0.0
12.5625,-0.08465246856212616,-0.45933640003204346,0.9669268727302551,0.027953123673796654,-0.0026065614074468613,-0.07570178806781769,0.9967352151870728,0.3661827295883667,0.0
12.59375,-0.08506163954734802,-0.45914793014526367,0.9670580625534058,0.028157157823443413,-0.002617079298943281,-0.07581048458814621,0.9967211484909058,0.36034880904564615,0.0
12.625,-0.08546900749206543,-0.4589731991291046,0.9671865105628967,0.02837321162223816,-0.002624057000502944,-0.075926274061203,0.9967061877250671,0.3544288521533215,0.0
12.65625,-0.08587378263473511,-0.4588114619255066,0.9673122763633728,0.028600044548511505,-0.002627854933962226,-0.07604803889989853,0.9966904520988464,0.3484205934406536,0.0
12.6875,-0.0862751379609108,-0.4586619734764099,0.967435359954834,0.02883639931678772,-0.002628837712109089,-0.07617471367120743,0.9966739416122437,0.34224070513420773,0.0
12.71875,-0.08667224645614624,-0.4585238993167877,0.967555820941925,0.02908102050423622,-0.002627359703183174,-0.07630516588687897,0.9966568946838379,0.33588080877357634,0.0
12.75,-0.08706429600715637,-0.4583966135978699,0.9676734805107117,0.029332637786865234,-0.002623779932036996,-0.07643831521272659,0.9966393113136292,0.32920988433951154,0.0
12.78125,-0.08745045959949493,-0.45827940106391907,0.9677883982658386,0.029590021818876266,-0.0026184478774666786,-0.07657305896282196,0.9966213703155518,0.32225556655922394,0.0
12.8125,-0.08782991766929626,-0.4581714868545532,0.9679006338119507,0.029851898550987244,-0.0026117167435586452,-0.07670830935239792,0.9966031908988953,0.3150024108243653,0.0
12.84375,-0.08820182830095291,-0.45807209610939026,0.9680100679397583,0.030117008835077286,-0.0026039336808025837,-0.07684291154146194,0.9965848922729492,0.30736494706990164,0.0
12.875,-0.08856536448001862,-0.45798057317733765,0.9681169390678406,0.030384110286831856,-0.0025954439770430326,-0.07697582989931107,0.9965665340423584,0.2993786076864221,0.0
12.90625,-0.08891968429088593,-0.45789608359336853,0.9682210087776184,0.030651940032839775,-0.0025865910574793816,-0.07710591703653336,0.9965482950210571,0.29094078404517953,0.0
12.9375,-0.08926393836736679,-0.4578181207180023,0.9683221578598022,0.030919259414076805,-0.0025777146220207214,-0.07723207771778107,0.996530294418335,0.28199326011339054,0.0
12.96875,-0.08959730714559555,-0.457745760679245,0.9684206247329712,0.031184786930680275,-0.0025691583286970854,-0.07735323160886765,0.9965125918388367,0.27268482054463483,0.0
13.0,-0.08991892635822296,-0.45767834782600403,0.9685162305831909,0.03144728019833565,-0.002561254194006324,-0.07746823877096176,0.9964954257011414,0.2628354674520962,0.0
13.03125,-0.09022794663906097,-0.4576152563095093,0.9686089754104614,0.03170549497008324,-0.0025543400552123785,-0.07757598906755447,0.9964789152145386,0.2524789639513548,0.0
13.0625,-0.09052353352308273,-0.4575556814670563,0.9686989784240723,0.031958162784576416,-0.0025487462989985943,-0.07767542451620102,0.9964631199836731,0.24167156169618031,0.0
13.09375,-0.0908048152923584,-0.4574989080429077,0.9687860608100891,0.0322040319442749,-0.002544807270169258,-0.07776539027690887,0.9964481592178345,0.2303052536719014,0.0
13.125,-0.09107095003128052,-0.4574442505836487,0.9688704609870911,0.032441843301057816,-0.0025428507942706347,-0.07784480601549149,0.9964342713356018,0.21849366958543928,0.0
13.15625,-0.09132087230682373,-0.45739099383354187,0.9689515233039856,0.032670360058546066,-0.002543203067034483,-0.07791254669427872,0.9964215159416199,0.2058877812754724,0.0
13.1875,-0.09154855459928513,-0.45733824372291565,0.9690237641334534,0.03288877382874489,-0.002545926021412015,-0.07796864211559296,0.9964099526405334,0.18787066136492936,0.0
13.21875,-0.09175360202789307,-0.45728597044944763,0.9690853953361511,0.0330972783267498,-0.0025505628436803818,-0.0780152752995491,0.9963994026184082,0.1692657855852359,0.0
13.25,-0.09193841367959976,-0.4572342336177826,0.9691377282142639,0.0332961231470108,-0.0025567093398422003,-0.07805436849594116,0.9963896870613098,0.15277366544408527,0.0
13.28125,-0.09210469573736191,-0.457183301448822,0.9691816568374634,0.03348536044359207,-0.002564050257205963,-0.07808741182088852,0.9963806867599487,0.1377560216657291,0.0
13.3125,-0.09225364774465561,-0.4571332335472107,0.9692180156707764,0.033664874732494354,-0.0025723243597894907,-0.07811550050973892,0.9963724613189697,0.12387309104092589,0.0
13.34375,-0.09238612651824951,-0.4570842385292053,0.9692474603652954,0.03383443504571915,-0.0025813167449086905,-0.07813955843448639,0.9963648319244385,0.11081079068656732,0.0
13.375,-0.09250278770923615,-0.4570363759994507,0.9692702293395996,0.03399387001991272,-0.0025908416137099266,-0.0781603530049324,0.9963577389717102,0.09840918734093222,0.0
13.40625,-0.09260411560535431,-0.4569898247718811,0.9692869782447815,0.0341428779065609,-0.002600744366645813,-0.07817848771810532,0.9963511824607849,0.08659991002087097,0.0
13.4375,-0.09269048273563385,-0.45694470405578613,0.9692980647087097,0.03428122028708458,-0.0026108890306204557,-0.07819446176290512,0.9963451623916626,0.07531911084435527,0.0
13.46875,-0.09276216477155685,-0.45690104365348816,0.9693036079406738,0.03440861031413078,-0.0026211594231426716,-0.07820878177881241,0.9963396191596985,0.06460004217625652,0.0
13.5,-0.09281939268112183,-0.45685911178588867,0.9693040251731873,0.03452479466795921,-0.002631447510793805,-0.07822182774543762,0.9963344931602478,0.05448736296338779,0.0
13.53125,-0.09286229312419891,-0.4568188786506653,0.9692993760108948,0.03462948650121689,-0.0026416564360260963,-0.07823390513658524,0.9963299632072449,0.045310489332718015,0.0
13.5625,-0.09289103001356125,-0.45678046345710754,0.9692901372909546,0.03472241014242172,-0.0026517019141465425,-0.07824531942605972,0.9963257908821106,0.03752125957803831,0.0
13.59375,-0.09290571510791779,-0.45674389600753784,0.9692761301994324,0.03480333834886551,-0.0026615059468895197,-0.07825635373592377,0.9963220953941345,0.03211883041847692,0.0
13.625,-0.09290643781423569,-0.4567093849182129,0.9692577719688416,0.034872014075517654,-0.0026709928642958403,-0.07826722413301468,0.9963187575340271,0.030026366473186388,0.0
13.65625,-0.0928933247923851,-0.4566769301891327,0.9692351222038269,0.03492819890379906,-0.002680094912648201,-0.07827810198068619,0.9963158965110779,0.0320199144254265,0.0
13.6875,-0.09286651760339737,-0.45664671063423157,0.9692082405090332,0.03497173637151718,-0.00268875015899539,-0.07828918844461441,0.9963134527206421,0.03726559171416488,0.0
13.71875,-0.092826247215271,-0.45661866664886475,0.9691776633262634,0.0350024588406086,-0.0026968985330313444,-0.0783006101846695,0.9963114857673645,0.04440563332184766,0.0
13.75,-0.09277277439832687,-0.45659300684928894,0.9691434502601624,0.03502029925584793,-0.002704482525587082,-0.078312449157238,0.9963099360466003,0.05258585957826149,0.0
13.78125,-0.09270653128623962,-0.45656973123550415,0.9691058397293091,0.035025279968976974,-0.002711449284106493,-0.0783248320221901,0.9963087439537048,0.061172808158405305,0.0
13.8125,-0.09262813627719879,-0.4565490186214447,0.9690650701522827,0.03501752018928528,-0.0027177443262189627,-0.07833774387836456,0.9963080286979675,0.06970186241812738,0.0
13.84375,-0.09253855049610138,-0.4565308392047882,0.969021737575531,0.03499740734696388,-0.002723320387303829,-0.07835119962692261,0.9963076114654541,0.07769266398045374,0.0
13.875,-0.09243931621313095,-0.4565153419971466,0.9689765572547913,0.03496566414833069,-0.002728123217821121,-0.0783650353550911,0.9963076710700989,0.08458071444007459,0.0
13.90625,-0.09233302623033524,-0.45650264620780945,0.9689303636550903,0.03492364287376404,-0.002732102992013097,-0.07837904989719391,0.9963080286979675,0.0895390247263428,0.0
13.9375,-0.09222449362277985,-0.45649290084838867,0.9688851833343506,0.03487410396337509,-0.0027351954486221075,-0.07839268445968628,0.9963086843490601,0.09059653091915995,0.0
13.96875,-0.0921243205666542,-0.4564863443374634,0.9688451886177063,0.03482329100370407,-0.00273730605840683,-0.07840472459793091,0.9963094592094421,0.08299094407403287,0.0
14.0,-0.09206697344779968,-0.4564836621284485,0.9688228368759155,0.034791912883520126,-0.002738184528425336,-0.07841134071350098,0.9963100552558899,0.04731457580337918,0.0
